dataset_name,usage_papers,full_dataset_id,STATUS,dataset_aliases,citation_title,project_page,related_urls,country,continent,years_data,license,sample_size
3d shapes,"['Transferring Fairness under Distribution Shifts via Fair Consistency Regularization', 'Transferring Fairness under Distribution Shifts via Fair Consistency Regularization']",ORG-169-DS-0,COPIED PARTIALLY,,,,['https://github.com/deepmind/3d-shapes'],,,,,~500 K images
Abalone,['Differentially Private Empirical Risk Minimization under the Fairness Lens'],NEW-040-DS-0,DONE,,,,['https://archive.ics.uci.edu/dataset/1/abalone'],,,,CC BY 4.0,4177 abalones
Adroit Human,['Discriminator-Weighted Offline Imitation Learning from Suboptimal Demonstrations'],NEW-198-DS-0,TODO,,,,,,,,,
Adult,"['Sample Selection for Fair and Robust Training', 'Fair Classification with Adversarial Perturbations', 'Fairness via Representation Neutralization', 'Better Algorithms for Individually Fair k-Clustering', 'Fair Clustering Under a Bounded Cost', 'An Axiomatic Theory of Provably-Fair Welfare-Centric Machine Learning', 'DECAF: Generating Fair Synthetic Data Using Causally-Aware Generative Networks', 'Adaptive Sampling for Minimax Fair Classification', 'Differentially Private Empirical Risk Minimization under the Fairness Lens', 'Fair Sequential Selection Using Supervised Learning Models', 'Scalable and Stable Surrogates for Flexible Classifiers with Fairness Constraints', 'A Near-Optimal Algorithm for Debiasing Trained Machine Learning Models', 'Certifying Robustness to Programmable Data Bias in Decision Trees', 'Addressing Algorithmic Disparity and Performance Inconsistency in Federated Learning', 'Is Sortition Both Representative and Fair?', 'Fairness in Federated Learning via Core-Stability', 'FairVFL: A Fair Vertical Federated Learning Framework with Contrastive Adversarial Learning', 'Fairness Transferability Subject to Bounded Distribution Shift', 'Washing The Unwashable : On The (Im)possibility of Fairwashing Detection', 'Self-Supervised Fair Representation Learning without Demographics', 'Fair Bayes-Optimal Classifiers Under Predictive Parity', 'Certifying Some Distributional Fairness with Subpopulation Decomposition', 'Transferring Fairness under Distribution Shifts via Fair Consistency Regularization', 'Optimal Transport of Classifiers to Fairness', 'Fair Infinitesimal Jackknife: Mitigating the Influence of Biased Training Data Points Without Refitting', 'Beyond Adult and COMPAS: Fair Multi-Class Prediction via Information Projection', 'Fair and Optimal Decision Trees: A Dynamic Programming Approach', 'Adaptive Data Debiasing through Bounded Exploration', 'A Reduction to Binary Approach for Debiasing Multiclass Datasets', 'Learning fair representation with a parametric integral probability metric', 'Input-agnostic Certified Group Fairness via Gaussian Parameter Smoothing', 'Achieving Fairness at No Utility Cost via Data Reweighing with Influence', 'Fair Generalized Linear Models with a Convex Penalty', 'Fair and Fast k-Center Clustering for Data Summarization', 'Understanding Instance-Level Impact of Fairness Constraints', 'Contrastive Mixture of Posteriors for Counterfactual Inference, Data Integration and Fairness', 'Fairness with Adaptive Weights', 'Robin Hood and Matthew Effects: Differential Privacy Has Disparate Impact on Synthetic Data']",ORG-006-DS-0,DONE,Adult; census,Scaling up the accuracy of naive-bayes classifiers: A decision-tree hybrid.,,"['https://archive.ics.uci.edu/ml/datasets/adult', 'https://staff.icar.cnr.it/manco/Teaching/2005/datamining/articoli/nbtree.pdf', 'https://archive.ics.uci.edu/dataset/2/adult', 'https://proceedings.neurips.cc/paper_files/paper/2021/file/32e54441e6382a7fbacbbbaf3c450059-Paper.pdf']",USA,NA,1994,CC BY 4.0,~50 K instances
AG News,['Understanding Contrastive Learning Requires Incorporating Inductive Biases'],NEW-153-DS-1,DONE,AG news classification dataset,Character-level convolutional networks for text classification,,"['https://arxiv.org/pdf/1509.01626', 'https://www.kaggle.com/datasets/amananandrai/ag-news-classification-dataset ', 'https://paperswithcode.com/sota/text-classification-on-ag-newshttps://paperswithcode.com/sota/text-classification-on-ag-news']",NA,NA,NA,,130k
Amazon,['On Learning Fairness and Accuracy on Multiple Subgroups'],NEW-001-DS-0,DONE,Amazon Review Data,,,['http://jmcauley.ucsd.edu/data/amazon/index_2014.html'],USA,NA,1996-2018,,142.8M reviews
Amazon Books,['On Learning Fairness and Accuracy on Multiple Subgroups'],NEW-061-DS-1,DONE,Amazon Books Review Data,,,['http://jmcauley.ucsd.edu/data/amazon/index_2014.html'],USA,NA,1996-2018,,"22,507,155 ratings"
Amazon Computers,['Uncovering the Structural Fairness in Graph Contrastive Learning'],NEW-001-DS-2,DONE,,,,,,,1996 - 2014,,
Amazon Photo,['Uncovering the Structural Fairness in Graph Contrastive Learning'],NEW-001-DS-1,DONE,,,,,,,1996 - 2014,,
American Community Survey,"['Fairness Transferability Subject to Bounded Distribution Shift', 'Fair Wrapping for Black-box Predictions', ""Pushing the limits of fairness impossibility: Who's the fairest of them all?""]",NEW-030-DS-0,DONE,American Community Survey; ACS,,,['https://data.census.gov/table?q=ACS'],USA,NA,2009-2022,,"~65,000 people"
AntSyn,['Unsupervised Detection of Contextualized Embedding Bias with Application to Ideology'],,,,,,,,,,,
Arrhythmia,['Fair Generalized Linear Models with a Convex Penalty'],ORG-014-DS-0,DONE,Arrhythmia,,,"['https://archive.ics.uci.edu/ml/datasets/arrhythmia', 'https://ieeexplore.ieee.org/abstract/document/647926']",TUR,AS,,CC BY 4.0,~500  patients
Asan,['Skin Deep Unlearning: Artefact and Instrument Debiasing in the Context of Melanoma Classification'],NEW-166-DS-0,WIP,Asan clinical test set,,,"['https://pubmed.ncbi.nlm.nih.gov/29428356/ ', 'https://www.jidonline.org/article/S0022-202X(18)30111-8/fulltext ', 'https://figshare.com/articles/dataset/Heatmap_results_of_the_Asan_test_dataset/5590900']",,,,,
Atari,['The Primacy Bias in Deep Reinforcement Learning'],NEW-151-DS-0,WIP,Atari 100k benchmark,,,"['https://arxiv.org/pdf/1903.00374v5', 'https://paperswithcode.com/dataset/atari-100k']",,,,,120k
Bank,"['Better Algorithms for Individually Fair k-Clustering', 'Differentially Private Empirical Risk Minimization under the Fairness Lens', 'Washing The Unwashable : On The (Im)possibility of Fairwashing Detection', 'Fair Wrapping for Black-box Predictions', 'Optimal Transport of Classifiers to Fairness', 'Fair and Optimal Decision Trees: A Dynamic Programming Approach']",,,,,,,,,,,
BHP,['RieszNet and ForestRiesz: Automatic Debiased Machine Learning with Neural Nets and Random Forests'],NEW-140-DS-0,WIP,BHP Gasoline Demand Data,,,['https://www.bhp.com/-/media/documents/investors/annual-reports/2019/190917_bhpclimatechangedatafy13-19.xlsx?la=en'],various,various,,,3600
Biased MNIST,"['Unbiased Classification through Bias-Contrastive and Bias-Balanced Learning', 'SelecMix: Debiased Learning by Contradicting-pair Sampling']",ORG-120-DS-1,DONE,MNIST,Learning de-biased representations with biased representations,https://github.com/clovaai/rebias,['http://yann.lecun.com/exdb/mnist/'],USA,NA,,,~70 K images across 10 digits
Bios,"['Post-processing for Individual Fairness', 'Domain Adaptation meets Individual Fairness. And they get along.']",ORG-021-DS-0,DONE,Bias in Bios,Bias in bios: A case study of semantic representation bias in a high-stakes setting,http://aka.ms/biasbios,"['https://github.com/Microsoft/biosbias', 'https://arxiv.org/pdf/1901.09451']",USA,NA,n/a,MIT License,~400 K biographies
Boolq,['Rethinking Fano’s Inequality in Ensemble Learning'],,,,,,,,,,,
Brain-imaging,"['Neural Language Models are not Born Equal to Fit Brain Data, but Training Helps']",NEW-159-DS-0,WIP,Brain-imaging data; brain data,"""Le Petit Prince: A multilingual fMRI corpus using ecological stimuli""",https://doi.org/10.18112/openneuro.ds003643.v2.0.0,['https://openneuro.org/datasets/ds003643/versions/1.0.2'],,,,CC0,
CelebA,"['Fairness via Representation Neutralization', 'Scalable and Stable Surrogates for Flexible Classifiers with Fairness Constraints', 'Are My Deep Learning Systems Fair? An Empirical Study of Fixed-Seed Training', 'A Near-Optimal Algorithm for Debiasing Trained Machine Learning Models', 'Unbiased Classification through Bias-Contrastive and Bias-Balanced Learning', 'FairVFL: A Fair Vertical Federated Learning Framework with Contrastive Adversarial Learning', 'Are Two Heads the Same as One? Identifying Disparate Treatment in Fair Neural Networks', 'Fairness without Demographics through Knowledge Distillation', 'Self-Supervised Fair Representation Learning without Demographics', 'Fair Bayes-Optimal Classifiers Under Predictive Parity', 'Fairness Reprogramming', 'Understanding Instance-Level Impact of Fairness Constraints', 'Fair Representation Learning through Implicit Path Alignment']",ORG-031-DS-0,INPUT NEEDED,,,,"['http://mmlab.ie.cuhk.edu.hk/projects/CelebA.html', 'https://openaccess.thecvf.com/content_iccv_2015/papers/Liu_Deep_Learning_Face_ICCV_2015_paper.pdf']",?,?,,use is restricted to non-commercial research and educational purposes,~200 K face images of over ~10 K unique individuals
Chess Ranking,['Fair Ranking with Noisy Protected Attributes'],NEW-099-DS-0,DONE,,When fair ranking meets uncertain inference,https://github.com/evijit/SIGIR_FairRanking_UncertainInference,"['https://arxiv.org/pdf/2105.02091', 'https://dl.acm.org/doi/pdf/10.1145/3600211.3604672']",NA,NA,NA,,"3,251 chess players"
Churn,['Differentially Private Empirical Risk Minimization under the Fairness Lens'],NEW-042-DS-0,DONE,,,,['https://community.ibm.com/community/user/businessanalytics/blogs/steven-macko/2019/07/11/telco-customer-churn-1113'],USA,NA,,,7043 customers
CIFAR-10,"['FjORD: Fair and Accurate Federated Learning under heterogeneous targets with Ordered Dropout', 'Gradient Driven Rewards to Guarantee Fairness in Collaborative Machine Learning', 'Adaptive Sampling for Minimax Fair Classification', 'Are My Deep Learning Systems Fair? An Empirical Study of Fixed-Seed Training', 'Fairness in Federated Learning via Core-Stability', 'On the Tradeoff Between Robustness and Fairness', 'Personalized Federated Learning towards Communication Efficiency, Robustness and Fairness', 'Trade-off between Payoff and Model Rewards in Shapley-Fair Collaborative Machine Learning', 'SelecMix: Debiased Learning by Contradicting-pair Sampling', 'Pruning has a disparate impact on model accuracy', 'Failure and success of the spectral bias prediction for Laplace Kernel Ridge Regression: the case of low-dimensional data', 'On Implicit Bias in Overparameterized Bilevel Optimization', 'Conditional GANs with Auxiliary Discriminative Classifier', 'Not All Poisons are Created Equal: Robust Training against Data Poisoning']",ORG-034-DS-0,INPUT NEEDED,CIFAR10,Learning multiple layers of features from tiny images,,['https://www.cs.toronto.edu/~kriz/cifar.html'],?,?,,,~6K  images x 10 classes (CIFAR-10)
CIFAR-100,"['On the Tradeoff Between Robustness and Fairness', 'Conditional GANs with Auxiliary Discriminative Classifier']",ORG-034-DS-1,INPUT NEEDED,,Learning multiple layers of features from tiny images,,['https://www.cs.toronto.edu/~kriz/cifar.html'],?,?,,,600  images x 100 classes (CIFAR-100)
Citeseer,"['Subgroup Generalization and Fairness of Graph Neural Networks', 'Uncovering the Structural Fairness in Graph Contrastive Learning']",ORG-035-DS-0,INPUT NEEDED,,The Network Data Repository with Interactive Graph Analytics and Visualization,,['http://networkrepository.com/citeseer.php'],NA,NA,n/a,,~3 K articles connected by ~5 K citations
Cityscapes,['Learning Debiased and Disentangled Representations for Semantic Segmentation'],NEW-057-DS-0,DONE,,The Cityscapes Dataset for Semantic Urban Scene Understanding,www.cityscapes-dataset.net,['https://www.cityscapes-dataset.com/'],DEU; CHE,EU,,,2975 train images
Civil Comments Toxicity,"['Fairness Reprogramming', 'Fair Infinitesimal Jackknife: Mitigating the Influence of Biased Training Data Points Without Refitting']",NEW-012-DS-0,DONE,,,,['https://www.kaggle.com/c/jigsaw-unintended-bias-in-toxicity-classification/data'],USA,NA,2015-2017,,~2m public comments
clinical_annotations (Warfarin Dosage),['Fair Exploration via Axiomatic Bargaining'],ORG-209-DS-0,EXCLUDED,clinical_annotations (Warfarin Dosage),,,['https://www.pharmgkb.org/downloads'],USA,NA,2014-2024,CC BY 4.0,~6K  patients
COCO,"['Are My Deep Learning Systems Fair? An Empirical Study of Fixed-Seed Training', 'A Near-Optimal Algorithm for Debiasing Trained Machine Learning Models', 'A Reduction to Binary Approach for Debiasing Multiclass Datasets']",ORG-124-DS-0,COPIED PARTIALLY,COCO; MSCOCO,,,['https://cocodataset.org/'],,,,,~300 K images
CoLA,['Rethinking Fano’s Inequality in Ensemble Learning'],NEW-158-DS-0,DONE,Corpus of Linguistic Acceptability,Neural Network Acceptability Judgments,https://nyu-mll.github.io/CoLA/,"['https://nyu-mll.github.io/CoLA/', 'https://paperswithcode.com/dataset/cola ', 'https://www.kaggle.com/datasets/krazy47/cola-the-corpus-of-linguistic-acceptability ', 'https://github.com/nyu-mll/CoLA-baselines']",NA,NA,NA,MIT license,10k
Communities,"['Fair Sparse Regression with Clustering: An Invex Relaxation for a Combinatorial Problem', 'Conformalized Fairness via Quantile Regression', 'Certifying Some Distributional Fairness with Subpopulation Decomposition', 'Fair and Optimal Decision Trees: A Dynamic Programming Approach', 'Achieving Fairness at No Utility Cost via Data Reweighing with Influence', 'Fair Generalized Linear Models with a Convex Penalty', 'Selective Regression under Fairness Criteria', 'Fairness with Adaptive Weights']",,,,,,,,,,,
COMPAS,"['Sample Selection for Fair and Robust Training', 'Fair Classification with Adversarial Perturbations', 'Does enforcing fairness mitigate biases caused by subpopulation shift?', 'Scalable and Stable Surrogates for Flexible Classifiers with Fairness Constraints', 'Certifying Robustness to Programmable Data Bias in Decision Trees', 'Washing The Unwashable : On The (Im)possibility of Fairwashing Detection', 'Fairness without Demographics through Knowledge Distillation', 'Self-Supervised Fair Representation Learning without Demographics', 'Fair Bayes-Optimal Classifiers Under Predictive Parity', 'Certifying Some Distributional Fairness with Subpopulation Decomposition', ""Pushing the limits of fairness impossibility: Who's the fairest of them all?"", 'Beyond Adult and COMPAS: Fair Multi-Class Prediction via Information Projection', 'Fair and Optimal Decision Trees: A Dynamic Programming Approach', 'Fair and Optimal Decision Trees: A Dynamic Programming Approach', 'DeepMed: Semiparametric Causal Mediation Analysis with Debiased Deep Learning', 'Learning fair representation with a parametric integral probability metric', 'Input-agnostic Certified Group Fairness via Gaussian Parameter Smoothing', 'Achieving Fairness at No Utility Cost via Data Reweighing with Influence', 'Fair Generalized Linear Models with a Convex Penalty', 'Active fairness auditing', 'Active Sampling for Min-Max Fairness', 'Fairness with Adaptive Weights']",ORG-040-DS-2,DONE,COMPAS,Machine Bias,,"['https://github.com/propublica/compas-analysis', 'https://www.taylorfrancis.com/chapters/edit/10.1201/9781003278290-37/machine-bias-julia-angwin-jeff-larson-surya-mattu-lauren-kirchner']",USA,NA,2013-2014,,~12 K defendants
Cora,"['Subgroup Generalization and Fairness of Graph Neural Networks', 'Uncovering the Structural Fairness in Graph Contrastive Learning']",ORG-041-DS-0,WIP,,Collective classification in network data,,['https://relational.fit.cvut.cz/dataset/CORA'],NA,NA,,,~3 K articles connected by ~5 K citations
Cosmos QA,['Rethinking Fano’s Inequality in Ensemble Learning'],NEW-157-DS-0,WIP,CosmosQA,,,"['https://wilburone.github.io/cosmos/', 'https://paperswithcode.com/dataset/cosmosqa ', 'https://arxiv.org/pdf/1909.00277v2 ', 'https://github.com/wilburOne/cosmosqa/tree/master/data/ ', 'https://huggingface.co/datasets/allenai/cosmos_qa/tree/main ']",NA,NA,NA,CC BY 4.0,36k
counterfactual fairness synthetic,['Counterfactual Fairness with Partially Known Causal Graph'],NEW-079-DS-0,DONE,,,,['https://github.com/aoqiz/Counterfactual-Fairness-with-Partially-Known-Causal-Graph'],,,,,
Credit Approval,['DECAF: Generating Fair Synthetic Data Using Causally-Aware Generative Networks'],NEW-021-DS-0,DONE,,,,['http://archive.ics.uci.edu/dataset/27/credit+approval'],,,,CC BY 4.0,690
CreditCard,"['Fair Clustering Under a Bounded Cost', 'Differentially Private Empirical Risk Minimization under the Fairness Lens', 'A Near-Optimal Algorithm for Debiasing Trained Machine Learning Models', 'On the Discrimination Risk of Mean Aggregation Feature Imputation in Graphs']",,,,,,,,,,,
creditscore,"['Fair Sequential Selection Using Supervised Learning Models', 'Adaptive Data Debiasing through Bounded Exploration', 'Fairness Interventions as (Dis)Incentives for Strategic Manipulation']",ORG-066-DS-0,EXCLUDED,creditscore; FICO credit scores,,,['https://github.com/fairmlbook/fairmlbook.github.io/tree/master/code/creditscore/data'],USA,NA,2003,CC BY 4.0,N/As. CDFs are provided over risk scores which are normalized (0-100\%)  and quantized with step 0.5\%
DeepMind Control Suite,['The Primacy Bias in Deep Reinforcement Learning'],NEW-150-DS-0,DONE,DeepMind Control Suite,dm_control: Software and tasks for continuous control,github.com/deepmind/dm_control,"['https://arxiv.org/pdf/2006.12983', 'https://paperswithcode.com/dataset/deepmind-control-suite ', 'https://github.com/google-deepmind/dm_control']",NA,NA,NA,Apache 2.0,
Diabetes,"['Better Algorithms for Individually Fair k-Clustering', 'Optimal Transport of Classifiers to Fairness', 'Fair and Fast k-Center Clustering for Data Summarization', 'Active Sampling for Min-Max Fairness']",ORG-050-DS-0,COPIED PARTIALLY,,"Impact of HbA1c measurement on hospital readmission rates: analysis of 70,000 clinical database patient records",,['https://archive.ics.uci.edu/ml/datasets/diabetes+130-us+hospitals+for+years+1999-2008'],USA,NA,1999-2008,,~100 K patients
Drug,"['Certifying Robustness to Programmable Data Bias in Decision Trees', 'Fair Generalized Linear Models with a Convex Penalty', 'Active Sampling for Min-Max Fairness']",,,,,,,,,,,
Dutch,"['Optimal Transport of Classifiers to Fairness', 'Fair and Optimal Decision Trees: A Dynamic Programming Approach']",,,,,,,,,,,
eICU,['Addressing Algorithmic Disparity and Performance Inconsistency in Federated Learning'],NEW-069-DS-0,DONE,,,,"['https://www.nature.com/articles/sdata2018178', 'https://arxiv.org/pdf/1812.02275']",USA,NA,2014-2015,PhysioNet Credentialed Health Data License 1.5.0,"200,000 patients"
Electric,['Fair and Fast k-Center Clustering for Data Summarization'],NEW-137-DS-0,DONE,Individual household electric power consumption,,,"['http://archive.ics.uci.edu/dataset/235/individual+household+electric+power+consumption', 'https://paperswithcode.com/dataset/electricity ', 'https://datasets.activeloop.ai/docs/ml/datasets/electricity-dataset/']",France,Europe,2006-2010,Creative Commons Attribution 4.0 International,2 million
EMNIST,"['Personalized Federated Learning towards Communication Efficiency, Robustness and Fairness']",ORG-120-DS-3,DONE,EMNIST,,,['https://www.nist.gov/itl/products-and-services/emnist-dataset'],USA,NA,,,"814,255 characters"
ENEM,['Beyond Adult and COMPAS: Fair Multi-Class Prediction via Information Projection'],NEW-113-DS-0,DONE,,University Entrance Exam as a Guiding Test for Artificial Intelligence,http://www.ime.usp.br/~ddm/enem/,['https://www.ime.usp.br/~ddm/project/enem/'],BRA,SA,2009-2017,,
Epinions,['Two-sided fairness in rankings via Lorenz dominance'],NEW-016-DS-0,DONE,Epinions,,,['https://snap.stanford.edu/data/soc-Epinions1.html'],n/a,n/a,,,Nodes 	75879 Edges 	508837
ESS Round 9,['Is Sortition Both Representative and Fair?'],NEW-080-DS-0,DONE,European Social Survey,,,['https://ess.sikt.no/en/study/bdc7c350-1029-4cb3-9d5e-53f668b8fa74/219'],,EU,2018-2020,CC BY 4.0,"46,276 people"
Faces of the World,['Scalable and Stable Surrogates for Flexible Classifiers with Fairness Constraints'],NEW-044-DS-0,DONE,FOTW,,,['https://chalearnlap.cvc.uab.cat/dataset/19/description/#'],,,,,8000 images
FairFace,"['Are Two Heads the Same as One? Identifying Disparate Treatment in Fair Neural Networks', 'Transferring Fairness under Distribution Shifts via Fair Consistency Regularization']",ORG-063-DS-0,COPIED PARTIALLY,FairFace,,,['https://github.com/joojs/fairface'],,,,,~100 K images
FAO Trade Network,['Consistency of Constrained Spectral Clustering under Graph Induced Fair Planted Partitions'],NEW-082-DS-0,DONE,,,,['https://manliodedomenico.com/data.php'],,,2010,,364 layers MultiplexNodes: 214Edges: 318346
FashionMNIST,"['Adaptive Sampling for Minimax Fair Classification', 'Personalized Federated Learning towards Communication Efficiency, Robustness and Fairness', 'On Implicit Bias in Overparameterized Bilevel Optimization']",ORG-065-DS-0,COPIED PARTIALLY,,,,['https://github.com/zalandoresearch/fashion-mnist'],,,,,~70 K images across 10 product categories
FEMNIST,['FjORD: Fair and Accurate Federated Learning under heterogeneous targets with Ordered Dropout'],ORG-120-DS-2,DONE,FEMNIST; Federated Extended MNIST,,,['https://github.com/TalwalkarLab/leaf/tree/master/data/femnist'],USA,NA,,,~70 K images across 10 digits
FFHQ,['SelecMix: Debiased Learning by Contradicting-pair Sampling'],NEW-076-DS-0,WIP,Flickr-Faces-HQ-Dataset,A Style-Based Generator Architecture for Generative Adversarial Networks,https://github.com/NVlabs/stylegan,"['https://arxiv.org/pdf/1812.04948v3', 'https://paperswithcode.com/dataset/ffhq https://exposing.ai/ffhq/']",NA,NA,2019,CC BY-NC-SA 4.0,70000
Gaussian data,['Fairness Interventions as (Dis)Incentives for Strategic Manipulation'],NEW-185-DS-0,WIP,,Fairness Interventions as (Dis)Incentives for Strategic Manipulation,,['https://proceedings.mlr.press/v162/zhang22l/zhang22l.pdf'],n\a,n\a,n\a,,
German,"['Fair Wrapping for Black-box Predictions', 'Certifying Some Distributional Fairness with Subpopulation Decomposition', 'Fair and Optimal Decision Trees: A Dynamic Programming Approach', 'On the Discrimination Risk of Mean Aggregation Feature Imputation in Graphs', 'Achieving Fairness at No Utility Cost via Data Reweighing with Influence', 'Fair Generalized Linear Models with a Convex Penalty', 'Fairness with Adaptive Weights']",,,,,,,,,,,
Government Salary,['Conformalized Fairness via Quantile Regression'],NEW-030-DS-1,DONE,,fairadapt: Causal reasoning for fair data pre-processing,,"['https://rdrr.io/cran/fairadapt/src/R/data.R', 'https://data.census.gov/table?q=ACS']",USA,NA,2018,,">200,00"
Heart Disease,"[""Pushing the limits of fairness impossibility: Who's the fairest of them all?""]",ORG-081-DS-0,DONE,,,,"['https://archive.ics.uci.edu/ml/datasets/heart+disease', 'https://www.sciencedirect.com/science/article/pii/0002914989905249']",HUN;CHE;USA,EU;NA,1981-1984,CC BY 4.0,~1 K patients
Heidelberg test data,['Skin Deep Unlearning: Artefact and Instrument Debiasing in the Context of Melanoma Classification'],NEW-164-DS-0,WIP,Heidelberg University test data,,,,,,,,
Heritage Health Prize,"['Certifying Some Distributional Fairness with Subpopulation Decomposition', 'Learning fair representation with a parametric integral probability metric']",NEW-106-DS-0,DONE,,,,"['https://www.kaggle.com/c/hhp', 'https://foreverdata.org/1015/content/Data_Dictionary_release3.pdf']",?,?,,Subject to Competition Rules,
Higgs Twitter,['Two-sided fairness in rankings via Lorenz dominance'],NEW-015-DS-0,DONE,Higgs Twitter,,,['https://snap.stanford.edu/data/higgs-twitter.html'],n/a,n/a,2012,,
HRS,['Fair Generalized Linear Models with a Convex Penalty'],NEW-141-DS-0,WIP,Health & Retirement Survey Dataset,,,"['https://hrs.isr.umich.edu/about', 'https://health.gov/healthypeople/objectives-and-data/data-sources-and-methods/data-sources/health-and-retirement-study-hrs']",USA,America,,,12000
HSLS,['Beyond Adult and COMPAS: Fair Multi-Class Prediction via Information Projection'],NEW-108-DS-0,DONE,High-school longitudinal study,,,['https://nces.ed.gov/surveys/hsls09/'],USA,NA,2009-2016,,"23,000+ 9th graders"
IHDP,"['Selective Regression under Fairness Criteria', 'RieszNet and ForestRiesz: Automatic Debiased Machine Learning with Neural Nets and Random Forests']",ORG-096-DS-0,WIP,Infant Health and Development Program,,,"['https://www.icpsr.umich.edu/web/HMCA/studies/9795', 'https://paperswithcode.com/dataset/ihdp ', 'https://www.icpsr.umich.edu/web/HMCA/studies/9795', 'https://www.kaggle.com/code/konradb/get-ihdp-data', 'https://causalforge.readthedocs.io/en/latest/user_guide/Loading_Causal_RW_Benchmarking_Datasets.html']",USA,America,1985-1988,,~1 K infants
ILSVRC2012,"['A Near-Optimal Algorithm for Debiasing Trained Machine Learning Models', 'Not All Poisons are Created Equal: Robust Training against Data Poisoning']",NEW-055-DS-0,DONE,,ImageNet Large Scale Visual Recognition Challenge,http://image-net.org/challenges/LSVRC/,['https://www.image-net.org/challenges/LSVRC/2012/'],,,,,150000 photographs
Imagenet,['Unbiased Classification through Bias-Contrastive and Bias-Balanced Learning'],ORG-091-DS-0,COPIED PARTIALLY,,,,['https://image-net.org/'],,,,,~14 M images depicting  ~20 K categories (synsets)
Imagenet-21k,['A Near-Optimal Algorithm for Debiasing Trained Machine Learning Models'],ORG-091-DS-1,COPIED PARTIALLY,,,,['https://image-net.org/'],,,,,~14 M images depicting  ~20 K categories (synsets)
IMBD Movie Reviews,['Trade-off between Payoff and Model Rewards in Shapley-Fair Collaborative Machine Learning'],,,,,,,,,,,
imSitu,['Are My Deep Learning Systems Fair? An Empirical Study of Fixed-Seed Training'],NEW-046-DS-0,DONE,,Situation Recognition: Visual Semantic Role Labeling for Image Understanding,,"['http://imsitu.org/', 'https://github.com/my89/imSitu']",,,,,"verbs        504images        126,102situations per image        3total annotations        1,481,851unique entity types (>3)         11,538 (6,794)unique roles (role types)         1,788 (190)images per verb (range)         250.2 (200 - 400)unique situations (>3)         205,095 (21,505)"
Insurance,['Selective Regression under Fairness Criteria'],NEW-143-DS-0,WIP,Insurance dataset,,,,,,,,
Interactive Atlas of Dermoscopy,['Skin Deep Unlearning: Artefact and Instrument Debiasing in the Context of Melanoma Classification'],NEW-162-DS-0,WIP,,,,['https://espace.library.uq.edu.au/view/UQ:229410'],,,2000,,> 2000
ISIC,['Skin Deep Unlearning: Artefact and Instrument Debiasing in the Context of Melanoma Classification'],NEW-165-DS-0,WIP,ISIC Challenge training data,,,"['https://www.isic-archive.com/', 'https://challenge.isic-archive.com/data/#2019']",n/a,n/a,2016-2020,several,1 million
JFT-300K,['A Near-Optimal Algorithm for Debiasing Trained Machine Learning Models'],NEW-056-DS-1,DONE,,,,['https://paperswithcode.com/dataset/jft-300m'],?,?,,,300K images
JFT-300M,['A Near-Optimal Algorithm for Debiasing Trained Machine Learning Models'],NEW-056-DS-0,DONE,,,,['https://paperswithcode.com/dataset/jft-300m'],?,?,,,300M images
KDD census income,['Fair and Optimal Decision Trees: A Dynamic Programming Approach'],NEW-114-DS-0,DONE,,,,['https://archive.ics.uci.edu/dataset/117/census+income+kdd'],USA,NA,1994-1995,CC BY 4.0,199523 instances in the data file and 99762 in the test file
Lastfm,"['Two-sided fairness in rankings via Lorenz dominance', 'Two-sided fairness in rankings via Lorenz dominance']",ORG-107-DS-0,COPIED PARTIALLY,,,,['http://ocelma.net/MusicRecommendationDataset/'],,,,,~ 19M timestamped records of ~ 1K users playing songs from ~ 170K artists (LFM1K); ~20 M play counts (user-artist pairs) for ~ 400K users over ~ 300K artists (LFM360K)
Law GPA,['Fair Representation Learning through Implicit Path Alignment'],NEW-148-DS-,WIP,Law School Admissions Bar Passage,,,"['https://files.eric.ed.gov/fulltext/ED469370.pdf', 'https://www.kaggle.com/datasets/danofer/law-school-admissions-bar-passage']",,,,CC BY-SA 4.0,
LibriTTS,['Style Equalization: Unsupervised Learning of Controllable Generative Sequence Models'],NEW-160-DS-0,WIP,,LibriTTS-P: A Corpus with Speaking Style and Speaker Identity Prompts for Text-to-Speech and Style Captioning,https://github.com/line/LibriTTS-P,"['https://www.openslr.org/60', 'https://paperswithcode.com/dataset/libritts', 'https://arxiv.org/pdf/1904.02882v1 ', 'https://github.com/tensorflow/datasets/blob/master/docs/catalog/libritts.md ', 'https://github.com/line/LibriTTS-P']",?,?,,CC BY 4.0,585 hours of speech data from 2.456 speakers
MClass,['Skin Deep Unlearning: Artefact and Instrument Debiasing in the Context of Melanoma Classification'],NEW-163-DS-0,WIP,MClass public human benchmark data,,,['https://github.com/mdahasan/mClass---Multiple-cancer-classification'],,,,,
"MEPS (Panel 19, FY2015)",['Fairness via Representation Neutralization'],ORG-112-DS-0,DONE,"MEPS (Panel 19, FY2015)",,,"['https://meps.ahrq.gov/mepsweb/data_stats/download_data_files.jsp', 'https://www.ahrq.gov/data/meps.html']",USA,NA,2015,https://meps.ahrq.gov/data_stats/data_use.jsp,"~30 K, variable on a yearly basis"
"MEPS (Panel 21, FY2016)",['Conformalized Fairness via Quantile Regression'],ORG-112-DS-2,DONE,"MEPS (Panel 21, FY2016)",,,"['https://meps.ahrq.gov/mepsweb/data_stats/download_data_files.jsp', 'https://www.ahrq.gov/data/meps.html']",USA,NA,2016,https://meps.ahrq.gov/data_stats/data_use.jsp,"~30 K, variable on a yearly basis"
MGGG States,['All Politics is Local: Redistricting via Local Fairness'],ORG-113-DS-0,COPIED PARTIALLY,,,,"['https://github.com/mggg-states', 'https://mggg.org/']",,,,,variable number of precincts (thousands) per state
MIMIC-III,['Diagnosing failures of fairness transfer across distribution shift in real-world medical settings'],NEW-083-DS-0,DONE,,,,['https://mimic.mit.edu/'],ISR,AS,2001-2012,,
MNIST,"['Gradient Driven Rewards to Guarantee Fairness in Collaborative Machine Learning', 'Fairness in Federated Learning via Core-Stability', 'Personalized Federated Learning towards Communication Efficiency, Robustness and Fairness', 'Trade-off between Payoff and Model Rewards in Shapley-Fair Collaborative Machine Learning', 'Failure and success of the spectral bias prediction for Laplace Kernel Ridge Regression: the case of low-dimensional data', 'On Implicit Bias in Overparameterized Bilevel Optimization', 'Fast rates for noisy interpolation require rethinking the effect of inductive bias', 'Implicit Bias of Linear Equivariant Networks', 'Robin Hood and Matthew Effects: Differential Privacy Has Disparate Impact on Synthetic Data']",ORG-120-DS-0,DONE,MNIST,,,['http://yann.lecun.com/exdb/mnist/'],USA,NA,,,~70 K images across 10 digits
MNLI,['Rethinking Fano’s Inequality in Ensemble Learning'],NEW-156-DS-0,DONE,Multi-Genre Natural Language Inference,A Broad-Coverage Challenge Corpus for Sentence Understanding through Inference,,"['https://cims.nyu.edu/~sbowman/multinli/', 'https://paperswithcode.com/dataset/multinli ', 'https://cims.nyu.edu/~sbowman/multinli/paper.pdf']",NA,NA,NA,several different,433k
Movie Review,['Gradient Driven Rewards to Guarantee Fairness in Collaborative Machine Learning'],NEW-018-DS-0,DONE,Movie Review,Seeing stars: Exploiting class relationships for sentiment                  categorization with respect to rating scales,,['http://www.cs.cornell.edu/people/pabo/movie-review-data/'],n/a,n/a,,,2000 reviews
MovieLens 100K,['Fairness in Ranking under Uncertainty'],ORG-122-DS-2,DONE,,The movielens datasets: History and context,https://movielens.org,['https://grouplens.org/datasets/movielens/'],,,,University of Minnesota,~100 K reviews by ~1 K users over ~1.7 K movies
MovieLens 20M,['Two-sided fairness in rankings via Lorenz dominance'],ORG-122-DS-1,DONE,,The movielens datasets: History and context,https://movielens.org,['https://grouplens.org/datasets/movielens/'],,,,University of Minnesota,~20 M reviews by ~138 K users over ~27 K movies
MRPC,['Rethinking Fano’s Inequality in Ensemble Learning'],NEW-155-DS-0,DONE,Microsoft Research Paraphrase Corpus,,,"['https://www.microsoft.com/en-us/download/details.aspx?id=52398', 'https://paperswithcode.com/dataset/mrpc ', 'https://aclanthology.org/I05-5002.pdf']",NA,NA,NA,,6k
MS-Celeb,['Mitigating Gender Bias in Face Recognition using the von Mises-Fisher Mixture Model'],NEW-169-DS-0,WIP,MS-Celeb-1M dataset,,,"['https://arxiv.org/pdf/1607.08221v1', 'https://paperswithcode.com/dataset/ms-celeb-1m ', 'https://exposing.ai/msceleb/']",n/a,n/a,2016,,100k
MS1MV3,['Mitigating Gender Bias in Face Recognition using the von Mises-Fisher Mixture Model'],NEW-170-DS-1,WIP,MS1M-RetinaFace; MS1MV3,Mitigating gender bias in face recognition using the von mises-fisher mixture model,https://github.com/JRConti/EthicalModule_vMF,"['https://openaccess.thecvf.com/content_ICCVW_2019/papers/LSR/Deng_Lightweight_Face_Recognition_Challenge_ICCVW_2019_paper.pdf', 'https://www.kaggle.com/datasets/tranlemylinh/ms1m-retinaface']",n/a,n/a,2016,GPL-3.0 license (?) (https://github.com/EB-Dodo/C-MS-Celeb?tab=GPL-3.0-1-ov-file);,93k
MuJoCo (D4RL),['Discriminator-Weighted Offline Imitation Learning from Suboptimal Demonstrations'],NEW-194-DS-0,TODO,,,,"['https://arxiv.org/pdf/2004.07219v4', 'https://sites.google.com/view/d4rl-anonymous/home ', 'https://di-engine-docs.readthedocs.io/en/latest/13_envs/d4rl.html#abstract ']",,,,,
MuJoCo_Med-Expert,['Addressing Optimism Bias in Sequence Modeling for Reinforcement Learning'],NEW-195-DS-1,TODO,,,,['https://di-engine-docs.readthedocs.io/en/latest/13_envs/d4rl.html#abstract'],,,,,
MuJoCo_Med-Replay,['Addressing Optimism Bias in Sequence Modeling for Reinforcement Learning'],NEW-197-DS-3,TODO,,,,['https://di-engine-docs.readthedocs.io/en/latest/13_envs/d4rl.html#abstract'],,,,,
MuJoCo_Medium,['Addressing Optimism Bias in Sequence Modeling for Reinforcement Learning'],NEW-196-DS-2,TODO,,,,['https://di-engine-docs.readthedocs.io/en/latest/13_envs/d4rl.html#abstract'],,,,,
New Adult,"['Fairness without Demographics through Knowledge Distillation', 'Fair Infinitesimal Jackknife: Mitigating the Influence of Biased Training Data Points Without Refitting']",,,,,,,,,,,
NLSY,['Fair Representation Learning through Implicit Path Alignment'],NEW-149-DS-0,WIP,National Longitudinal Survey of Youth,,,"['https://www.nlsinfo.org/content/cohorts/nlsy97', 'https://www.kaggle.com/datasets/mitchellmarecki/national-longitudinal-survey-of-youth']",USA,America,1979-2020,,12k
Occupations,['Fair Ranking with Noisy Protected Attributes'],ORG-133-DS-0,COPIED PARTIALLY,,,,['https://drive.google.com/drive/u/0/folders/1j9I5ESc-7NRCZ-zSD0C6LHjeNp42RjkJ'],,,,,~10 K images of ~ 100 occupations
OULAD,['Fair and Optimal Decision Trees: A Dynamic Programming Approach'],NEW-115-DS-0,DONE,Open University Learning Analytics Dataset,,,['https://analyse.kmi.open.ac.uk/open_dataset#data'],,,,CC BY 4.0,"32,593 students"
Parkinsons,"['Differentially Private Empirical Risk Minimization under the Fairness Lens', 'Fair Generalized Linear Models with a Convex Penalty']",NEW-041-DS-0,DONE,,,,['https://archive.ics.uci.edu/dataset/174/parkinsons'],USA,NA,,CC BY 4.0,31 people
PBMC's,"['Contrastive Mixture of Posteriors for Counterfactual Inference, Data Integration and Fairness']",NEW-146-DS-0,WIP,Stimulated / untreated single-cell PBMCs,,,"['https://www.nature.com/articles/nbt.4042', 'https://github.com/BenevolentAI/CoMP?tab=readme-ov-file#single-cell-pbmcs']",,,,,
Pubmed,['Subgroup Generalization and Fairness of Graph Neural Networks'],ORG-148-DS-0,COPIED PARTIALLY,,,,['https://linqs.soe.ucsc.edu/data'],,,,,~20 K articles connected by ~40 K citations
Purchases,['Robin Hood and Matthew Effects: Differential Privacy Has Disparate Impact on Synthetic Data'],NEW-182-DS-1,WIP,Purchases dataset,Robin Hood and Matthew Effects: Differential Privacy Has Disparate Impact on Synthetic Data,https://github.com/ganevgv/dp-gen-disparate,['https://proceedings.mlr.press/v162/ganev22a/ganev22a.pdf'],n\a,n\a,,,150k
QQP,['Rethinking Fano’s Inequality in Ensemble Learning'],NEW-138-DS-0,DONE,Quora Question Pairs,,,"['https://quoradata.quora.com/First-Quora-Dataset-Release-Question-Pairs', 'https://docs.allennlp.org/models/main/models/pair_classification/dataset_readers/quora_paraphrase/ ', 'https://paperswithcode.com/dataset/quora-question-pairs']",NA,NA,NA,,400k
Query,['Fair and Fast k-Center Clustering for Data Summarization'],NEW-180-DS-1,DONE,Query Analytics Workloads Dataset,,,['https://archive.ics.uci.edu/dataset/493/query+analytics+workloads+daataset'],USA,America,NA,CC BY 4.0,260k
Reddit Polit,['Unsupervised Detection of Contextualized Embedding Bias with Application to Ideology'],NEW-168-DS-0,WIP,Reddit Politosphere,,,"['https://epub.ub.uni-muenchen.de/107434/1/19377-Article%20Text-23390-1-2-20220531.pdf', 'https://zenodo.org/records/5851729']",n/a,n/a,2008-2019,CC BY 4.0,> 600
ricci,['Fair and Optimal Decision Trees: A Dynamic Programming Approach'],,,,,,,,,,,
RNA-seq,"['Contrastive Mixture of Posteriors for Counterfactual Inference, Data Integration and Fairness']",NEW-147-DS-0,WIP,Single-cell RNA-seq data integration,,,"['https://www.nature.com/articles/s41592-019-0619-0', 'https://github.com/BenevolentAI/CoMP?tab=readme-ov-file#single-cell-pbmcs']",,,,,
SciTail,['Rethinking Fano’s Inequality in Ensemble Learning'],NEW-154-DS-0,DONE,SciTail dataset,SCITAIL: A Textual Entailment Dataset from Science Question Answering,http://data.allenai.org/scitail,"['https://huggingface.co/datasets/allenai/scitail', 'https://paperswithcode.com/dataset/scitail ', 'https://www.kaggle.com/datasets/thedevastator/futuristic-natural-language-inference-with-the-s']",NA,NA,NA,CC0 1.0,27k
sentiment,['Post-processing for Individual Fairness'],NEW-035-DS-0,DONE,,Post-processing for Individual Fairness,,['https://github.com/Felix-Petersen/fairness-post-processing/blob/master/project_data/Popular_Baby_Names.csv'],n/a,n/a,2011-2016,MIT License,11346 baby names
Shakespeare,['FjORD: Fair and Accurate Federated Learning under heterogeneous targets with Ordered Dropout'],ORG-167-DS-0,COPIED PARTIALLY,,,,,,,,,~4 M tokens over ~1 K speaking roles
Stanford Sentiment Treebank,"['Gradient Driven Rewards to Guarantee Fairness in Collaborative Machine Learning', 'Rethinking Fano’s Inequality in Ensemble Learning']",NEW-019-DS-0,DONE,Stanford Sentiment Treebank,Recursive Deep Models for Semantic Compositionality Over a Sentiment Treebank,http://nlp.stanford.edu/sentiment,['https://nlp.stanford.edu/sentiment/index.html'],,,,,"215,154 phrases"
Stroke,['Differentially Private Empirical Risk Minimization under the Fairness Lens'],NEW-043-DS-0,DONE,,,,['https://www.kaggle.com/datasets/fedesoriano/stroke-prediction-dataset'],,,,,
Student,"['Fair Sparse Regression with Clustering: An Invex Relaxation for a Combinatorial Problem', 'Fair and Optimal Decision Trees: A Dynamic Programming Approach', 'Fair and Optimal Decision Trees: A Dynamic Programming Approach', 'Fair Generalized Linear Models with a Convex Penalty', 'Active fairness auditing']",,,,,,,,,,,
SVHN,['Pruning has a disparate impact on model accuracy'],NEW-112-DS-0,DONE,Street View House Numbers,,,"['http://ufldl.stanford.edu/housenumbers/', 'https://paperswithcode.com/dataset/svhn']",NA,NA,NA,CC0,~600000
Teledermatology,"['Diagnosing failures of fairness transfer across distribution shift in real-world medical settings', 'A Reduction to Binary Approach for Debiasing Multiclass Datasets']",NEW-084-DS-0,DONE,,,,,USA,NA,,,15873
Texas,['Robin Hood and Matthew Effects: Differential Privacy Has Disparate Impact on Synthetic Data'],NEW-139-DS-0,WIP,"Texas Hospital Inpatient Discharge
dataset",,,"['https://www.dshs.texas.gov/center-health-statistics/texas-health-care-information-collection/health-data-researcher-information/texas-hospital-emergency-department-research-data-file-ed-rdf/hospital-discharge-data-public-use-data-file', 'https://www.rpcconsulting.com/health-data-store/texas-health-facility-data/thcic-inpatient-discharge-data/']",USA,America,1999-2024,,
Text Corpora,"['Neural Language Models are not Born Equal to Fit Brain Data, but Training Helps']",NEW-186-DS-0,INPUT NEEDED,,,,,,,,,
Tiny_ImageNet,['Conditional GANs with Auxiliary Discriminative Classifier'],NEW-191-DS-2,TODO,,,,,,,,,
Toxic Comments,"['On Learning Fairness and Accuracy on Multiple Subgroups', 'Fair Representation Learning through Implicit Path Alignment']",NEW-107-DS-0,DONE,,,,['https://github.com/conversationai/unintended-ml-bias-analysis'],,,,Creative Commons license,1.8 million comments
Toxicity,"['Post-processing for Individual Fairness', 'Domain Adaptation meets Individual Fairness. And they get along.', 'Understanding Instance-Level Impact of Fairness Constraints']",NEW-036-DS-0,DONE,Toxicity; Toxic Comment Classification Challenge,,,['https://www.kaggle.com/c/jigsaw-toxic-comment-classification-challenge'],n/a,n/a,,CC SA 3.0,
Tumour,"['Contrastive Mixture of Posteriors for Counterfactual Inference, Data Integration and Fairness']",NEW-145-DS-0,WIP,Tumour / Cell Line,,,"['https://www.nature.com/articles/s41467-020-20294-x', 'https://github.com/BenevolentAI/CoMP?tab=readme-ov-file#single-cell-pbmcs']",,,,,10 k
UCI Student Performance,['Counterfactual Fairness with Partially Known Causal Graph'],NEW-078-DS-0,DONE,,,,['https://archive.ics.uci.edu/dataset/320/student+performance'],PRT,EU,2005-2006,CC BY 4.0,649
US Census Data (1990),"['Fair Clustering Under a Bounded Cost', 'Bounding and Approximating Intersectional Fairness through Marginal Fairness', 'Group Meritocratic Fairness in Linear Contextual Bandits']",ORG-200-DS-0,EXCLUDED,US Census Data (1990); Census1990,,,['https://archive.ics.uci.edu/ml/datasets/US+Census+Data+(1990)'],USA,NA,1990,CC BY 4.0,~2 M respondents
UTKFace,"['Adaptive Sampling for Minimax Fair Classification', 'Unbiased Classification through Bias-Contrastive and Bias-Balanced Learning', 'Transferring Fairness under Distribution Shifts via Fair Consistency Regularization', 'Pruning has a disparate impact on model accuracy']",ORG-205-DS-0,COPIED PARTIALLY,,,,['https://susanqq.github.io/UTKFace/'],,,,,~20 K face images
VCTK,['Style Equalization: Unsupervised Learning of Controllable Generative Sequence Models'],NEW-161-DS-0,WIP,CSTR VCTK Corpus,,,"['https://datashare.ed.ac.uk/handle/10283/3443', 'https://paperswithcode.com/dataset/vctk']",n/a,n/a,,ODC-By (v1.0.),"110 speakers, each with 400 sentences readed"
VoxCeleb,['Style Equalization: Unsupervised Learning of Controllable Generative Sequence Models'],NEW-006-DS-0,DONE,VoxCeleb Speaker Recognition Challenge,,,['https://www.robots.ox.ac.uk/~vgg/data/voxceleb/competition2020.html'],GBR,EU,,,"1,092,009 utterances from 5,994 speakers"
Wine,['Differentially Private Empirical Risk Minimization under the Fairness Lens'],NEW-039-DS-0,DONE,,,,['https://archive.ics.uci.edu/dataset/109/wine'],ITA,EU,,CC BY 4.0,178 wines
Yelp Open Dataset,['Scalable and Stable Surrogates for Flexible Classifiers with Fairness Constraints'],NEW-045-DS-0,DONE,,,,['https://www.yelp.com/dataset'],,,,,"6,990,280 reviews150,346 businesses200,100 pictures11 metropolitan areas "